Bot 1,50680af1-23a5-45d3-9e43-f083848ad8af,0.45,"(38, 30)","(22, 35)","(5, 38)",21,Success,/Users/drcrocs22/Developer/Rutgers Projects/Intro To AI/PROJECT_1_FINAL/final_frames/50680af1-23a5-45d3-9e43-f083848ad8af.png,745
Bot 2,c18b6b3b-9683-44d3-9c1a-10790b3615e6,0.45,"(38, 30)","(22, 35)","(5, 38)",21,Success,/Users/drcrocs22/Developer/Rutgers Projects/Intro To AI/PROJECT_1_FINAL/final_frames/c18b6b3b-9683-44d3-9c1a-10790b3615e6.png,745
Bot 3,f3c8b5a1-6fd6-4b16-9395-dffea5de0ca9,0.45,"(38, 30)","(22, 35)","(5, 38)",21,Success,/Users/drcrocs22/Developer/Rutgers Projects/Intro To AI/PROJECT_1_FINAL/final_frames/f3c8b5a1-6fd6-4b16-9395-dffea5de0ca9.png,745
Bot 1,de7e25d8-e0f4-4364-b795-8fd14fc7e504,0.45,"(18, 33)","(2, 26)","(19, 27)",25,Success,/Users/drcrocs22/Developer/Rutgers Projects/Intro To AI/PROJECT_1_FINAL/final_frames/de7e25d8-e0f4-4364-b795-8fd14fc7e504.png,957
Bot 2,f10bebf2-9f1c-4e0c-8919-2ef8a4dd51ee,0.45,"(18, 33)","(2, 26)","(19, 27)",25,Success,/Users/drcrocs22/Developer/Rutgers Projects/Intro To AI/PROJECT_1_FINAL/final_frames/f10bebf2-9f1c-4e0c-8919-2ef8a4dd51ee.png,957
Bot 3,eb8f6d96-ec17-4ad7-98a9-e2ef1664297e,0.45,"(18, 33)","(2, 26)","(19, 27)",25,Success,/Users/drcrocs22/Developer/Rutgers Projects/Intro To AI/PROJECT_1_FINAL/final_frames/eb8f6d96-ec17-4ad7-98a9-e2ef1664297e.png,957
Bot 1,f64f514d-412d-4e89-94c6-146568f872d7,0.45,"(35, 21)","(12, 22)","(20, 36)",26,Success,/Users/drcrocs22/Developer/Rutgers Projects/Intro To AI/PROJECT_1_FINAL/final_frames/f64f514d-412d-4e89-94c6-146568f872d7.png,96
Bot 2,776cd4f3-37a6-4dfd-88e0-1f5cca2e20c2,0.45,"(35, 21)","(12, 22)","(20, 36)",26,Success,/Users/drcrocs22/Developer/Rutgers Projects/Intro To AI/PROJECT_1_FINAL/final_frames/776cd4f3-37a6-4dfd-88e0-1f5cca2e20c2.png,96
Bot 3,f8006df6-2044-4831-a711-badfe8e13033,0.45,"(35, 21)","(12, 22)","(20, 36)",26,Success,/Users/drcrocs22/Developer/Rutgers Projects/Intro To AI/PROJECT_1_FINAL/final_frames/f8006df6-2044-4831-a711-badfe8e13033.png,96
Bot 1,3500e2ea-c2d8-48c5-8794-19eacbe6625b,0.45,"(28, 2)","(19, 30)","(5, 29)",33,Button caught fire,/Users/drcrocs22/Developer/Rutgers Projects/Intro To AI/PROJECT_1_FINAL/final_frames/3500e2ea-c2d8-48c5-8794-19eacbe6625b.png,567
Bot 2,cf2c13e7-f6e8-452e-b58a-b2585fee3014,0.45,"(28, 2)","(19, 30)","(5, 29)",33,Button caught fire,/Users/drcrocs22/Developer/Rutgers Projects/Intro To AI/PROJECT_1_FINAL/final_frames/cf2c13e7-f6e8-452e-b58a-b2585fee3014.png,567
Bot 3,0ada9f7c-fd34-4994-9fcd-8853d16444cb,0.45,"(28, 2)","(19, 30)","(5, 29)",33,Button caught fire,/Users/drcrocs22/Developer/Rutgers Projects/Intro To AI/PROJECT_1_FINAL/final_frames/0ada9f7c-fd34-4994-9fcd-8853d16444cb.png,567
Bot 1,412e0bd5-c0e6-470c-aa5c-a0e98f411a5e,0.45,"(26, 5)","(25, 31)","(38, 19)",37,Success,/Users/drcrocs22/Developer/Rutgers Projects/Intro To AI/PROJECT_1_FINAL/final_frames/412e0bd5-c0e6-470c-aa5c-a0e98f411a5e.png,979
Bot 2,6f583fa2-dded-4cfa-a973-9c1125a943aa,0.45,"(26, 5)","(25, 31)","(38, 19)",37,Success,/Users/drcrocs22/Developer/Rutgers Projects/Intro To AI/PROJECT_1_FINAL/final_frames/6f583fa2-dded-4cfa-a973-9c1125a943aa.png,979
Bot 3,6cd9f52c-3263-42f3-9961-22629df949cb,0.45,"(26, 5)","(25, 31)","(38, 19)",37,Success,/Users/drcrocs22/Developer/Rutgers Projects/Intro To AI/PROJECT_1_FINAL/final_frames/6cd9f52c-3263-42f3-9961-22629df949cb.png,979
Bot 1,7eba452d-fe9a-489b-b584-9954fc072165,0.45,"(5, 31)","(6, 4)","(29, 3)",29,Bot caught fire,/Users/drcrocs22/Developer/Rutgers Projects/Intro To AI/PROJECT_1_FINAL/final_frames/7eba452d-fe9a-489b-b584-9954fc072165.png,659
Bot 2,fb7ef72f-3311-4a22-9651-6b1ec0239522,0.45,"(5, 31)","(6, 4)","(29, 3)",29,Bot caught fire,/Users/drcrocs22/Developer/Rutgers Projects/Intro To AI/PROJECT_1_FINAL/final_frames/fb7ef72f-3311-4a22-9651-6b1ec0239522.png,659
Bot 3,4537b741-5f54-4589-bb43-43aa00aa46d1,0.45,"(5, 31)","(6, 4)","(29, 3)",60,Success,/Users/drcrocs22/Developer/Rutgers Projects/Intro To AI/PROJECT_1_FINAL/final_frames/4537b741-5f54-4589-bb43-43aa00aa46d1.png,659
Bot 1,1446aaa5-86c9-4495-8a53-796368a2b50d,0.45,"(22, 1)","(22, 18)","(3, 21)",23,Success,/Users/drcrocs22/Developer/Rutgers Projects/Intro To AI/PROJECT_1_FINAL/final_frames/1446aaa5-86c9-4495-8a53-796368a2b50d.png,353
Bot 2,3c3e70c5-f0ff-4724-82f0-835b7671763a,0.45,"(22, 1)","(22, 18)","(3, 21)",23,Success,/Users/drcrocs22/Developer/Rutgers Projects/Intro To AI/PROJECT_1_FINAL/final_frames/3c3e70c5-f0ff-4724-82f0-835b7671763a.png,353
Bot 3,cb5143c3-a644-4c61-a87b-b48736f36653,0.45,"(22, 1)","(22, 18)","(3, 21)",23,Success,/Users/drcrocs22/Developer/Rutgers Projects/Intro To AI/PROJECT_1_FINAL/final_frames/cb5143c3-a644-4c61-a87b-b48736f36653.png,353
Bot 1,ef55b344-867f-4364-b643-f94780c0a141,0.66,"(18, 5)","(2, 28)","(32, 35)",39,Success,/Users/drcrocs22/Developer/Rutgers Projects/Intro To AI/PROJECT_1_FINAL/final_frames/ef55b344-867f-4364-b643-f94780c0a141.png,386
Bot 2,bf63d85d-502f-4bad-871c-6f988d880a49,0.66,"(18, 5)","(2, 28)","(32, 35)",39,Success,/Users/drcrocs22/Developer/Rutgers Projects/Intro To AI/PROJECT_1_FINAL/final_frames/bf63d85d-502f-4bad-871c-6f988d880a49.png,386
Bot 3,54139e09-527a-4c24-93aa-282f54f27736,0.66,"(18, 5)","(2, 28)","(32, 35)",39,Success,/Users/drcrocs22/Developer/Rutgers Projects/Intro To AI/PROJECT_1_FINAL/final_frames/54139e09-527a-4c24-93aa-282f54f27736.png,386
Bot 1,e3e8e49c-e5eb-4717-816b-cc9deabd74bb,0.66,"(8, 25)","(32, 23)","(9, 28)",36,Success,/Users/drcrocs22/Developer/Rutgers Projects/Intro To AI/PROJECT_1_FINAL/final_frames/e3e8e49c-e5eb-4717-816b-cc9deabd74bb.png,775
Bot 2,481e0fc2-f6a6-42aa-ae84-967495812a25,0.66,"(8, 25)","(32, 23)","(9, 28)",36,Success,/Users/drcrocs22/Developer/Rutgers Projects/Intro To AI/PROJECT_1_FINAL/final_frames/481e0fc2-f6a6-42aa-ae84-967495812a25.png,775
Bot 3,8a82178c-487e-45f1-abc9-7a370180edc7,0.66,"(8, 25)","(32, 23)","(9, 28)",36,Success,/Users/drcrocs22/Developer/Rutgers Projects/Intro To AI/PROJECT_1_FINAL/final_frames/8a82178c-487e-45f1-abc9-7a370180edc7.png,775
Bot 1,9ebd5bbe-e314-4a16-a8af-db5f31145d2b,0.66,"(9, 38)","(6, 11)","(34, 25)",36,Success,/Users/drcrocs22/Developer/Rutgers Projects/Intro To AI/PROJECT_1_FINAL/final_frames/9ebd5bbe-e314-4a16-a8af-db5f31145d2b.png,103
Bot 2,4830de5b-51c9-43e1-ae24-b8f1acb1b9ea,0.66,"(9, 38)","(6, 11)","(34, 25)",36,Success,/Users/drcrocs22/Developer/Rutgers Projects/Intro To AI/PROJECT_1_FINAL/final_frames/4830de5b-51c9-43e1-ae24-b8f1acb1b9ea.png,103
Bot 3,f6adef1c-e817-4874-b00b-f4c42bb5a435,0.66,"(9, 38)","(6, 11)","(34, 25)",36,Success,/Users/drcrocs22/Developer/Rutgers Projects/Intro To AI/PROJECT_1_FINAL/final_frames/f6adef1c-e817-4874-b00b-f4c42bb5a435.png,103
Bot 1,deb7c9a0-27a4-42ad-b6d1-1c74e366efe8,0.66,"(25, 19)","(24, 6)","(24, 2)",7,Button caught fire,/Users/drcrocs22/Developer/Rutgers Projects/Intro To AI/PROJECT_1_FINAL/final_frames/deb7c9a0-27a4-42ad-b6d1-1c74e366efe8.png,772
Bot 2,1f90cf56-6eaf-4cea-8b45-af7cdde8d6ad,0.66,"(25, 19)","(24, 6)","(24, 2)",7,Button caught fire,/Users/drcrocs22/Developer/Rutgers Projects/Intro To AI/PROJECT_1_FINAL/final_frames/1f90cf56-6eaf-4cea-8b45-af7cdde8d6ad.png,772
Bot 3,c13ac7b4-5816-4cd1-acbe-24429b2ffaa2,0.66,"(25, 19)","(24, 6)","(24, 2)",7,Button caught fire,/Users/drcrocs22/Developer/Rutgers Projects/Intro To AI/PROJECT_1_FINAL/final_frames/c13ac7b4-5816-4cd1-acbe-24429b2ffaa2.png,772
Bot 1,0c7e249d-f242-4549-8387-30785969d0fb,0.66,"(29, 2)","(5, 36)","(9, 30)",11,Button caught fire,/Users/drcrocs22/Developer/Rutgers Projects/Intro To AI/PROJECT_1_FINAL/final_frames/0c7e249d-f242-4549-8387-30785969d0fb.png,13
Bot 2,432a515e-e683-437f-8d41-8e5c1a573ba7,0.66,"(29, 2)","(5, 36)","(9, 30)",10,,/Users/drcrocs22/Developer/Rutgers Projects/Intro To AI/PROJECT_1_FINAL/final_frames/432a515e-e683-437f-8d41-8e5c1a573ba7.png,13
Bot 3,114633ed-8082-4415-abf0-10e99197509f,0.66,"(29, 2)","(5, 36)","(9, 30)",11,Path blocked,/Users/drcrocs22/Developer/Rutgers Projects/Intro To AI/PROJECT_1_FINAL/final_frames/114633ed-8082-4415-abf0-10e99197509f.png,13
Bot 1,05f4a272-1c5d-4254-b1f6-02d3b8e1c54a,0.66,"(24, 18)","(21, 13)","(33, 28)",8,Success,/Users/drcrocs22/Developer/Rutgers Projects/Intro To AI/PROJECT_1_FINAL/final_frames/05f4a272-1c5d-4254-b1f6-02d3b8e1c54a.png,139
Bot 2,240cb5cb-9333-4840-a922-699460bac932,0.66,"(24, 18)","(21, 13)","(33, 28)",8,Success,/Users/drcrocs22/Developer/Rutgers Projects/Intro To AI/PROJECT_1_FINAL/final_frames/240cb5cb-9333-4840-a922-699460bac932.png,139
Bot 3,14156b4a-c0cd-4752-a9c2-f3454f051f45,0.66,"(24, 18)","(21, 13)","(33, 28)",8,Success,/Users/drcrocs22/Developer/Rutgers Projects/Intro To AI/PROJECT_1_FINAL/final_frames/14156b4a-c0cd-4752-a9c2-f3454f051f45.png,139
Bot 1,0250a1b1-a557-4602-b72a-0fef7a711980,0.66,"(15, 18)","(21, 25)","(5, 23)",13,Success,/Users/drcrocs22/Developer/Rutgers Projects/Intro To AI/PROJECT_1_FINAL/final_frames/0250a1b1-a557-4602-b72a-0fef7a711980.png,887
Bot 2,019ce38e-78b4-4971-b8e7-9af984e4cae7,0.66,"(15, 18)","(21, 25)","(5, 23)",13,Success,/Users/drcrocs22/Developer/Rutgers Projects/Intro To AI/PROJECT_1_FINAL/final_frames/019ce38e-78b4-4971-b8e7-9af984e4cae7.png,887
Bot 3,35268af9-da98-4c12-b50c-882d52dbd163,0.66,"(15, 18)","(21, 25)","(5, 23)",13,Success,/Users/drcrocs22/Developer/Rutgers Projects/Intro To AI/PROJECT_1_FINAL/final_frames/35268af9-da98-4c12-b50c-882d52dbd163.png,887
Bot 1,9ede7508-3aba-44e3-99d5-cfdd3fb10f4e,0.66,"(31, 12)","(24, 33)","(11, 31)",25,Button caught fire,/Users/drcrocs22/Developer/Rutgers Projects/Intro To AI/PROJECT_1_FINAL/final_frames/9ede7508-3aba-44e3-99d5-cfdd3fb10f4e.png,448
Bot 2,41c5e650-d4c0-4096-9b9a-a407b7b2ee8f,0.66,"(31, 12)","(24, 33)","(11, 31)",25,Button caught fire,/Users/drcrocs22/Developer/Rutgers Projects/Intro To AI/PROJECT_1_FINAL/final_frames/41c5e650-d4c0-4096-9b9a-a407b7b2ee8f.png,448
Bot 3,6212bb60-6e8c-48e6-a325-7b68a3994d8e,0.66,"(31, 12)","(24, 33)","(11, 31)",25,Button caught fire,/Users/drcrocs22/Developer/Rutgers Projects/Intro To AI/PROJECT_1_FINAL/final_frames/6212bb60-6e8c-48e6-a325-7b68a3994d8e.png,448
Bot 1,a892c2ff-0be6-45a5-a2d9-3bc892f65837,0.66,"(21, 5)","(15, 13)","(13, 11)",14,Success,/Users/drcrocs22/Developer/Rutgers Projects/Intro To AI/PROJECT_1_FINAL/final_frames/a892c2ff-0be6-45a5-a2d9-3bc892f65837.png,915
Bot 2,d4e19ac2-aa9b-4b06-98fe-cfd0ab30288e,0.66,"(21, 5)","(15, 13)","(13, 11)",14,Success,/Users/drcrocs22/Developer/Rutgers Projects/Intro To AI/PROJECT_1_FINAL/final_frames/d4e19ac2-aa9b-4b06-98fe-cfd0ab30288e.png,915
Bot 3,ce5809bd-a02d-4aa8-aed7-c3262b333f8e,0.66,"(21, 5)","(15, 13)","(13, 11)",14,Success,/Users/drcrocs22/Developer/Rutgers Projects/Intro To AI/PROJECT_1_FINAL/final_frames/ce5809bd-a02d-4aa8-aed7-c3262b333f8e.png,915
Bot 1,8477c752-e243-4e61-ba18-e20f65718ac7,0.66,"(37, 6)","(3, 4)","(23, 26)",44,Success,/Users/drcrocs22/Developer/Rutgers Projects/Intro To AI/PROJECT_1_FINAL/final_frames/8477c752-e243-4e61-ba18-e20f65718ac7.png,602
Bot 2,63b3c81b-0ca1-44fc-a79d-e6b52705b504,0.66,"(37, 6)","(3, 4)","(23, 26)",44,Success,/Users/drcrocs22/Developer/Rutgers Projects/Intro To AI/PROJECT_1_FINAL/final_frames/63b3c81b-0ca1-44fc-a79d-e6b52705b504.png,602
Bot 3,d6c7c80f-09e7-4410-8387-79746550174a,0.66,"(37, 6)","(3, 4)","(23, 26)",44,Success,/Users/drcrocs22/Developer/Rutgers Projects/Intro To AI/PROJECT_1_FINAL/final_frames/d6c7c80f-09e7-4410-8387-79746550174a.png,602
Bot 1,4731c0d1-c119-467f-ab2b-ed10e27ad901,0.66,"(15, 32)","(11, 24)","(3, 7)",12,Success,/Users/drcrocs22/Developer/Rutgers Projects/Intro To AI/PROJECT_1_FINAL/final_frames/4731c0d1-c119-467f-ab2b-ed10e27ad901.png,593
Bot 2,0110681a-4cd1-497f-a2b4-443184c29878,0.66,"(15, 32)","(11, 24)","(3, 7)",12,Success,/Users/drcrocs22/Developer/Rutgers Projects/Intro To AI/PROJECT_1_FINAL/final_frames/0110681a-4cd1-497f-a2b4-443184c29878.png,593
Bot 3,b6f052e2-7f2f-4c24-af70-f9e34a99eacc,0.66,"(15, 32)","(11, 24)","(3, 7)",12,Success,/Users/drcrocs22/Developer/Rutgers Projects/Intro To AI/PROJECT_1_FINAL/final_frames/b6f052e2-7f2f-4c24-af70-f9e34a99eacc.png,593
Bot 1,d44643e7-b89b-468f-9bcb-ea7d56b7dde1,0.85,"(28, 12)","(4, 37)","(35, 35)",49,Success,/Users/drcrocs22/Developer/Rutgers Projects/Intro To AI/PROJECT_1_FINAL/final_frames/d44643e7-b89b-468f-9bcb-ea7d56b7dde1.png,862
Bot 2,ec7fde4c-a25c-4209-a64e-b89998a00084,0.85,"(28, 12)","(4, 37)","(35, 35)",49,Success,/Users/drcrocs22/Developer/Rutgers Projects/Intro To AI/PROJECT_1_FINAL/final_frames/ec7fde4c-a25c-4209-a64e-b89998a00084.png,862
Bot 3,420cf9e6-c395-4df8-b794-2b70f6151398,0.85,"(28, 12)","(4, 37)","(35, 35)",49,Success,/Users/drcrocs22/Developer/Rutgers Projects/Intro To AI/PROJECT_1_FINAL/final_frames/420cf9e6-c395-4df8-b794-2b70f6151398.png,862
Bot 1,37e6a18e-5dc8-43b9-befb-6a64f72c5e19,0.85,"(38, 16)","(28, 8)","(21, 16)",14,Button caught fire,/Users/drcrocs22/Developer/Rutgers Projects/Intro To AI/PROJECT_1_FINAL/final_frames/37e6a18e-5dc8-43b9-befb-6a64f72c5e19.png,964
Bot 2,60791233-489f-4e5f-8aeb-99f935a1c241,0.85,"(38, 16)","(28, 8)","(21, 16)",14,Button caught fire,/Users/drcrocs22/Developer/Rutgers Projects/Intro To AI/PROJECT_1_FINAL/final_frames/60791233-489f-4e5f-8aeb-99f935a1c241.png,964
Bot 3,b48916d4-bf6f-487a-bbc5-a11a29a9429c,0.85,"(38, 16)","(28, 8)","(21, 16)",14,Button caught fire,/Users/drcrocs22/Developer/Rutgers Projects/Intro To AI/PROJECT_1_FINAL/final_frames/b48916d4-bf6f-487a-bbc5-a11a29a9429c.png,964
Bot 1,74a27ce6-4806-417f-a29b-ff3539930146,0.85,"(36, 11)","(36, 7)","(17, 25)",6,Success,/Users/drcrocs22/Developer/Rutgers Projects/Intro To AI/PROJECT_1_FINAL/final_frames/74a27ce6-4806-417f-a29b-ff3539930146.png,516
Bot 2,bff6e6c5-7686-4486-b429-c66e939cbc1a,0.85,"(36, 11)","(36, 7)","(17, 25)",6,Success,/Users/drcrocs22/Developer/Rutgers Projects/Intro To AI/PROJECT_1_FINAL/final_frames/bff6e6c5-7686-4486-b429-c66e939cbc1a.png,516
Bot 3,83dc210f-4270-47ad-81d9-bca4d55f761c,0.85,"(36, 11)","(36, 7)","(17, 25)",6,Success,/Users/drcrocs22/Developer/Rutgers Projects/Intro To AI/PROJECT_1_FINAL/final_frames/83dc210f-4270-47ad-81d9-bca4d55f761c.png,516
Bot 1,1ac73c33-c308-4fbb-aabd-53ea2a2adf74,0.85,"(15, 25)","(2, 4)","(20, 3)",26,Button caught fire,/Users/drcrocs22/Developer/Rutgers Projects/Intro To AI/PROJECT_1_FINAL/final_frames/1ac73c33-c308-4fbb-aabd-53ea2a2adf74.png,756
Bot 2,a38421e9-d915-4793-b614-ecf4b8a16f8d,0.85,"(15, 25)","(2, 4)","(20, 3)",25,,/Users/drcrocs22/Developer/Rutgers Projects/Intro To AI/PROJECT_1_FINAL/final_frames/a38421e9-d915-4793-b614-ecf4b8a16f8d.png,756
Bot 3,bf695606-1fc9-4698-9044-ad2fe8363a3b,0.85,"(15, 25)","(2, 4)","(20, 3)",26,Path blocked,/Users/drcrocs22/Developer/Rutgers Projects/Intro To AI/PROJECT_1_FINAL/final_frames/bf695606-1fc9-4698-9044-ad2fe8363a3b.png,756
Bot 1,ac65b1f1-962c-48cf-8429-d90fdbe456a7,0.85,"(30, 4)","(33, 23)","(3, 26)",24,Success,/Users/drcrocs22/Developer/Rutgers Projects/Intro To AI/PROJECT_1_FINAL/final_frames/ac65b1f1-962c-48cf-8429-d90fdbe456a7.png,653
Bot 2,4db533a7-f313-4eed-844a-e097f6c62b4c,0.85,"(30, 4)","(33, 23)","(3, 26)",24,Success,/Users/drcrocs22/Developer/Rutgers Projects/Intro To AI/PROJECT_1_FINAL/final_frames/4db533a7-f313-4eed-844a-e097f6c62b4c.png,653
Bot 3,649b5270-de4e-4f72-b05d-efe3c85f38a9,0.85,"(30, 4)","(33, 23)","(3, 26)",24,Success,/Users/drcrocs22/Developer/Rutgers Projects/Intro To AI/PROJECT_1_FINAL/final_frames/649b5270-de4e-4f72-b05d-efe3c85f38a9.png,653
Bot 1,fca72f51-d05a-44d7-995f-956ff6072325,0.85,"(31, 8)","(30, 26)","(21, 34)",19,Button caught fire,/Users/drcrocs22/Developer/Rutgers Projects/Intro To AI/PROJECT_1_FINAL/final_frames/fca72f51-d05a-44d7-995f-956ff6072325.png,206
Bot 2,339fe3f5-5ec3-4b08-bff2-2ea438fbd7db,0.85,"(31, 8)","(30, 26)","(21, 34)",19,Button caught fire,/Users/drcrocs22/Developer/Rutgers Projects/Intro To AI/PROJECT_1_FINAL/final_frames/339fe3f5-5ec3-4b08-bff2-2ea438fbd7db.png,206
Bot 3,2a49ee7f-81ec-4ec1-818c-c231d5af76f0,0.85,"(31, 8)","(30, 26)","(21, 34)",19,Button caught fire,/Users/drcrocs22/Developer/Rutgers Projects/Intro To AI/PROJECT_1_FINAL/final_frames/2a49ee7f-81ec-4ec1-818c-c231d5af76f0.png,206
Bot 1,25e3fedb-4249-4633-b4bb-ccdee43915a5,0.85,"(12, 15)","(37, 11)","(28, 5)",16,Button caught fire,/Users/drcrocs22/Developer/Rutgers Projects/Intro To AI/PROJECT_1_FINAL/final_frames/25e3fedb-4249-4633-b4bb-ccdee43915a5.png,607
Bot 2,8808c588-cf88-4f16-90f7-da77469c1686,0.85,"(12, 15)","(37, 11)","(28, 5)",1,,/Users/drcrocs22/Developer/Rutgers Projects/Intro To AI/PROJECT_1_FINAL/final_frames/8808c588-cf88-4f16-90f7-da77469c1686.png,607
Bot 3,aa1f8a42-8331-4e64-917b-63521a4818ca,0.85,"(12, 15)","(37, 11)","(28, 5)",2,Path blocked,/Users/drcrocs22/Developer/Rutgers Projects/Intro To AI/PROJECT_1_FINAL/final_frames/aa1f8a42-8331-4e64-917b-63521a4818ca.png,607
Bot 1,4880f9a0-e511-47fb-aa78-1eded5ec6a77,0.85,"(1, 22)","(25, 34)","(18, 38)",12,Button caught fire,/Users/drcrocs22/Developer/Rutgers Projects/Intro To AI/PROJECT_1_FINAL/final_frames/4880f9a0-e511-47fb-aa78-1eded5ec6a77.png,548
Bot 2,71704f7a-24da-420f-b831-2c6923c46b91,0.85,"(1, 22)","(25, 34)","(18, 38)",11,,/Users/drcrocs22/Developer/Rutgers Projects/Intro To AI/PROJECT_1_FINAL/final_frames/71704f7a-24da-420f-b831-2c6923c46b91.png,548
Bot 3,3b23d7bd-1020-4912-8209-640cbb0d5879,0.85,"(1, 22)","(25, 34)","(18, 38)",12,Path blocked,/Users/drcrocs22/Developer/Rutgers Projects/Intro To AI/PROJECT_1_FINAL/final_frames/3b23d7bd-1020-4912-8209-640cbb0d5879.png,548
Bot 1,1ed86d08-51b4-4937-84dc-a8c78aa7da6e,0.85,"(26, 5)","(21, 27)","(23, 16)",7,Bot caught fire,/Users/drcrocs22/Developer/Rutgers Projects/Intro To AI/PROJECT_1_FINAL/final_frames/1ed86d08-51b4-4937-84dc-a8c78aa7da6e.png,999
Bot 2,35d59636-5700-490c-b6ab-eee983ac57dd,0.85,"(26, 5)","(21, 27)","(23, 16)",9,Bot caught fire,/Users/drcrocs22/Developer/Rutgers Projects/Intro To AI/PROJECT_1_FINAL/final_frames/35d59636-5700-490c-b6ab-eee983ac57dd.png,999
Bot 3,0e236288-a239-4065-8463-aa238c047550,0.85,"(26, 5)","(21, 27)","(23, 16)",14,Path blocked,/Users/drcrocs22/Developer/Rutgers Projects/Intro To AI/PROJECT_1_FINAL/final_frames/0e236288-a239-4065-8463-aa238c047550.png,999
Bot 1,d496ad48-7f73-40cc-8c1f-73fbb9a94397,0.8,"(26, 5)","(21, 27)","(23, 16)",7,,/Users/drcrocs22/Developer/Rutgers Projects/Intro To AI/PROJECT_1_FINAL/final_frames/d496ad48-7f73-40cc-8c1f-73fbb9a94397.png,999
Bot 2,fcd2dbfb-d942-4c43-be52-71b429736b94,0.8,"(26, 5)","(21, 27)","(23, 16)",10,Bot caught fire,/Users/drcrocs22/Developer/Rutgers Projects/Intro To AI/PROJECT_1_FINAL/final_frames/fcd2dbfb-d942-4c43-be52-71b429736b94.png,999
Bot 3,e7634d5f-7c0f-4f55-8c0e-f7af75f050e8,0.8,"(26, 5)","(21, 27)","(23, 16)",14,Button caught fire,/Users/drcrocs22/Developer/Rutgers Projects/Intro To AI/PROJECT_1_FINAL/final_frames/e7634d5f-7c0f-4f55-8c0e-f7af75f050e8.png,999
Bot 1,83bb7b84-71b6-4156-a070-f3dd2a198e59,0.3,"(26, 5)","(21, 27)","(23, 16)",7,,/Users/drcrocs22/Developer/Rutgers Projects/Intro To AI/PROJECT_1_FINAL/final_frames/83bb7b84-71b6-4156-a070-f3dd2a198e59.png,999
Bot 2,98cc3e82-980c-4985-9f15-ccbd9c9c99c0,0.3,"(26, 5)","(21, 27)","(23, 16)",27,,/Users/drcrocs22/Developer/Rutgers Projects/Intro To AI/PROJECT_1_FINAL/final_frames/98cc3e82-980c-4985-9f15-ccbd9c9c99c0.png,999
Bot 3,6700315f-7cc0-464d-85e0-bf6bc10afe07,0.3,"(26, 5)","(21, 27)","(23, 16)",28,Path blocked,/Users/drcrocs22/Developer/Rutgers Projects/Intro To AI/PROJECT_1_FINAL/final_frames/6700315f-7cc0-464d-85e0-bf6bc10afe07.png,999
Bot 1,d8e02904-7193-489a-9df7-d22c0060cc2c,0.3,"(26, 5)","(21, 27)","(23, 16)",7,,/Users/drcrocs22/Developer/Rutgers Projects/Intro To AI/PROJECT_1_FINAL/final_frames/d8e02904-7193-489a-9df7-d22c0060cc2c.png,999
Bot 2,236a5123-f249-4b8d-8500-8c6596b5a29e,0.3,"(26, 5)","(21, 27)","(23, 16)",27,,/Users/drcrocs22/Developer/Rutgers Projects/Intro To AI/PROJECT_1_FINAL/final_frames/236a5123-f249-4b8d-8500-8c6596b5a29e.png,999
Bot 3,9e254ebe-1aa4-4387-a59c-753b2a5dd9e4,0.3,"(26, 5)","(21, 27)","(23, 16)",28,Path blocked,/Users/drcrocs22/Developer/Rutgers Projects/Intro To AI/PROJECT_1_FINAL/final_frames/9e254ebe-1aa4-4387-a59c-753b2a5dd9e4.png,999
Bot 1,2d47eba7-bdb6-4621-a30b-904223c1dc36,0.1,"(26, 5)","(21, 27)","(23, 16)",11,,/Users/drcrocs22/Developer/Rutgers Projects/Intro To AI/PROJECT_1_FINAL/final_frames/2d47eba7-bdb6-4621-a30b-904223c1dc36.png,999
Bot 2,eca812a0-911f-466d-9fe0-4f74df4cd96c,0.1,"(26, 5)","(21, 27)","(23, 16)",47,Success,/Users/drcrocs22/Developer/Rutgers Projects/Intro To AI/PROJECT_1_FINAL/final_frames/eca812a0-911f-466d-9fe0-4f74df4cd96c.png,999
Bot 3,03debeed-0c5e-4424-b1cf-5226e3c64c83,0.1,"(26, 5)","(21, 27)","(23, 16)",43,Success,/Users/drcrocs22/Developer/Rutgers Projects/Intro To AI/PROJECT_1_FINAL/final_frames/03debeed-0c5e-4424-b1cf-5226e3c64c83.png,999
Bot 1,2b98aeb8-b8d7-46ef-b4bd-3d32496d3c1d,0.2,"(26, 5)","(21, 27)","(23, 16)",9,,/Users/drcrocs22/Developer/Rutgers Projects/Intro To AI/PROJECT_1_FINAL/final_frames/2b98aeb8-b8d7-46ef-b4bd-3d32496d3c1d.png,999
Bot 2,a73ec216-7f94-44f6-9cd6-5f01caed1333,0.2,"(26, 5)","(21, 27)","(23, 16)",37,Success,/Users/drcrocs22/Developer/Rutgers Projects/Intro To AI/PROJECT_1_FINAL/final_frames/a73ec216-7f94-44f6-9cd6-5f01caed1333.png,999
Bot 3,cd1fdebc-1a02-44c1-ad7f-b3c13769a508,0.2,"(26, 5)","(21, 27)","(23, 16)",41,Success,/Users/drcrocs22/Developer/Rutgers Projects/Intro To AI/PROJECT_1_FINAL/final_frames/cd1fdebc-1a02-44c1-ad7f-b3c13769a508.png,999
Bot 1,039009e2-b594-4bf4-9192-b5008eb8eccd,0.25,"(26, 5)","(21, 27)","(23, 16)",7,Bot caught fire,/Users/drcrocs22/Developer/Rutgers Projects/Intro To AI/PROJECT_1_FINAL/final_frames/039009e2-b594-4bf4-9192-b5008eb8eccd.png,999
Bot 2,bcdf82ba-8416-4dbc-9d42-3321de378b73,0.25,"(26, 5)","(21, 27)","(23, 16)",37,Button caught fire,/Users/drcrocs22/Developer/Rutgers Projects/Intro To AI/PROJECT_1_FINAL/final_frames/bcdf82ba-8416-4dbc-9d42-3321de378b73.png,999
Bot 3,31e7e5e2-d927-49bb-a903-eb542374cb37,0.25,"(26, 5)","(21, 27)","(23, 16)",37,Button caught fire,/Users/drcrocs22/Developer/Rutgers Projects/Intro To AI/PROJECT_1_FINAL/final_frames/31e7e5e2-d927-49bb-a903-eb542374cb37.png,999
Bot 1,7671e37a-910e-49aa-8ef2-c9f81a4ccbb6,0.225,"(26, 5)","(21, 27)","(23, 16)",9,,/Users/drcrocs22/Developer/Rutgers Projects/Intro To AI/PROJECT_1_FINAL/final_frames/7671e37a-910e-49aa-8ef2-c9f81a4ccbb6.png,999
Bot 2,ed5a31da-16f5-4b95-a9f9-26d8fd88b30d,0.225,"(26, 5)","(21, 27)","(23, 16)",22,Bot caught fire,/Users/drcrocs22/Developer/Rutgers Projects/Intro To AI/PROJECT_1_FINAL/final_frames/ed5a31da-16f5-4b95-a9f9-26d8fd88b30d.png,999
Bot 3,bad14dbd-dbd3-4421-97ee-ddbd59259be9,0.225,"(26, 5)","(21, 27)","(23, 16)",48,Button caught fire,/Users/drcrocs22/Developer/Rutgers Projects/Intro To AI/PROJECT_1_FINAL/final_frames/bad14dbd-dbd3-4421-97ee-ddbd59259be9.png,999
Bot 1,3812c254-f689-43b3-9490-d410dda123a1,0.22,"(26, 5)","(21, 27)","(23, 16)",9,,/Users/drcrocs22/Developer/Rutgers Projects/Intro To AI/PROJECT_1_FINAL/final_frames/3812c254-f689-43b3-9490-d410dda123a1.png,999
Bot 2,35198238-dcd2-4339-ba07-d1a22698af8a,0.22,"(26, 5)","(21, 27)","(23, 16)",22,Bot caught fire,/Users/drcrocs22/Developer/Rutgers Projects/Intro To AI/PROJECT_1_FINAL/final_frames/35198238-dcd2-4339-ba07-d1a22698af8a.png,999
Bot 3,24a8f22b-8004-4796-8164-50e3bfb786db,0.22,"(26, 5)","(21, 27)","(23, 16)",53,Path blocked,/Users/drcrocs22/Developer/Rutgers Projects/Intro To AI/PROJECT_1_FINAL/final_frames/24a8f22b-8004-4796-8164-50e3bfb786db.png,999
Bot 4,1207ca5a-772c-491d-926a-699542c13312,0.2,"(26, 5)","(21, 27)","(23, 16)",69,Button caught fire,/Users/drcrocs22/Developer/Rutgers Projects/Intro To AI/PROJECT_1_FINAL/final_frames/1207ca5a-772c-491d-926a-699542c13312.png,999
Bot 1,ec9174f9-2525-4c8a-9cfc-9fa9b79cf8d1,0.2,"(26, 5)","(21, 27)","(23, 16)",9,,/Users/drcrocs22/Developer/Rutgers Projects/Intro To AI/PROJECT_1_FINAL/final_frames/ec9174f9-2525-4c8a-9cfc-9fa9b79cf8d1.png,999
Bot 2,43f7481f-6c8f-47af-834a-ecc720611296,0.2,"(26, 5)","(21, 27)","(23, 16)",37,Success,/Users/drcrocs22/Developer/Rutgers Projects/Intro To AI/PROJECT_1_FINAL/final_frames/43f7481f-6c8f-47af-834a-ecc720611296.png,999
Bot 3,160ddf8e-69d0-4e86-89ba-46a31716829c,0.2,"(26, 5)","(21, 27)","(23, 16)",41,Success,/Users/drcrocs22/Developer/Rutgers Projects/Intro To AI/PROJECT_1_FINAL/final_frames/160ddf8e-69d0-4e86-89ba-46a31716829c.png,999
Bot 1,d94a05d0-9d1f-4d9d-b401-0921f157e4a3,0.2,"(29, 24)","(36, 31)","(27, 35)",16,Success,/Users/drcrocs22/Developer/Rutgers Projects/Intro To AI/PROJECT_1_FINAL/final_frames/d94a05d0-9d1f-4d9d-b401-0921f157e4a3.png,699
Bot 2,adfbcb2f-5531-4c5f-a9bb-d5e3d142d382,0.2,"(29, 24)","(36, 31)","(27, 35)",16,Success,/Users/drcrocs22/Developer/Rutgers Projects/Intro To AI/PROJECT_1_FINAL/final_frames/adfbcb2f-5531-4c5f-a9bb-d5e3d142d382.png,699
Bot 3,8603c560-ab1b-4640-b147-03a907806fb8,0.2,"(29, 24)","(36, 31)","(27, 35)",16,Success,/Users/drcrocs22/Developer/Rutgers Projects/Intro To AI/PROJECT_1_FINAL/final_frames/8603c560-ab1b-4640-b147-03a907806fb8.png,699
Bot 1,ae9aedb8-13a3-4c11-b23a-4c1d71290ff9,0.2,"(37, 33)","(29, 1)","(16, 21)",44,Success,/Users/drcrocs22/Developer/Rutgers Projects/Intro To AI/PROJECT_1_FINAL/final_frames/ae9aedb8-13a3-4c11-b23a-4c1d71290ff9.png,176
Bot 2,aa0c3ada-12ea-475c-a5cb-a0b13fd11a2a,0.2,"(37, 33)","(29, 1)","(16, 21)",44,Success,/Users/drcrocs22/Developer/Rutgers Projects/Intro To AI/PROJECT_1_FINAL/final_frames/aa0c3ada-12ea-475c-a5cb-a0b13fd11a2a.png,176
Bot 3,5476ff1a-0e97-40ba-a379-8e118b4416a2,0.2,"(37, 33)","(29, 1)","(16, 21)",44,Success,/Users/drcrocs22/Developer/Rutgers Projects/Intro To AI/PROJECT_1_FINAL/final_frames/5476ff1a-0e97-40ba-a379-8e118b4416a2.png,176
Bot 1,1191b839-970c-4212-82e1-39286de3bc14,0.5,"(37, 33)","(29, 1)","(16, 21)",27,,/Users/drcrocs22/Developer/Rutgers Projects/Intro To AI/PROJECT_1_FINAL/final_frames/1191b839-970c-4212-82e1-39286de3bc14.png,176
Bot 2,2542aa98-4ee5-4f34-b7dc-4b82ef5da299,0.5,"(37, 33)","(29, 1)","(16, 21)",38,,/Users/drcrocs22/Developer/Rutgers Projects/Intro To AI/PROJECT_1_FINAL/final_frames/2542aa98-4ee5-4f34-b7dc-4b82ef5da299.png,176
Bot 3,39cf89e3-1177-4a95-8996-1cc01e02cad9,0.5,"(37, 33)","(29, 1)","(16, 21)",39,Path blocked,/Users/drcrocs22/Developer/Rutgers Projects/Intro To AI/PROJECT_1_FINAL/final_frames/39cf89e3-1177-4a95-8996-1cc01e02cad9.png,176
Bot 1,c15cca43-c901-4710-b971-40deb2b978c9,0.4,"(37, 33)","(29, 1)","(16, 21)",26,,/Users/drcrocs22/Developer/Rutgers Projects/Intro To AI/PROJECT_1_FINAL/final_frames/c15cca43-c901-4710-b971-40deb2b978c9.png,176
Bot 2,da52c92c-b0dd-4aa5-8cb4-8373a2880c0c,0.4,"(37, 33)","(29, 1)","(16, 21)",53,,/Users/drcrocs22/Developer/Rutgers Projects/Intro To AI/PROJECT_1_FINAL/final_frames/da52c92c-b0dd-4aa5-8cb4-8373a2880c0c.png,176
Bot 3,f5282287-b947-4c7a-95db-628e996159cd,0.4,"(37, 33)","(29, 1)","(16, 21)",54,Success,/Users/drcrocs22/Developer/Rutgers Projects/Intro To AI/PROJECT_1_FINAL/final_frames/f5282287-b947-4c7a-95db-628e996159cd.png,176
Bot 1,b10856f9-4eec-4771-acd8-a84b30594ac7,0.4,"(2, 32)","(32, 2)","(24, 34)",60,Success,/Users/drcrocs22/Developer/Rutgers Projects/Intro To AI/PROJECT_1_FINAL/final_frames/b10856f9-4eec-4771-acd8-a84b30594ac7.png,831
Bot 2,c79fe46d-adf6-46a8-9843-82146a7f0f7c,0.4,"(2, 32)","(32, 2)","(24, 34)",60,Success,/Users/drcrocs22/Developer/Rutgers Projects/Intro To AI/PROJECT_1_FINAL/final_frames/c79fe46d-adf6-46a8-9843-82146a7f0f7c.png,831
Bot 3,4999e7d7-c9a9-4314-916d-9f60e3fc0bdb,0.4,"(2, 32)","(32, 2)","(24, 34)",60,Success,/Users/drcrocs22/Developer/Rutgers Projects/Intro To AI/PROJECT_1_FINAL/final_frames/4999e7d7-c9a9-4314-916d-9f60e3fc0bdb.png,831
Bot 1,68384a9a-2ab6-40a4-a4d5-f32d76a6c4db,0.6,"(22, 9)","(22, 19)","(3, 36)",12,Success,/Users/drcrocs22/Developer/Rutgers Projects/Intro To AI/PROJECT_1_FINAL/final_frames/68384a9a-2ab6-40a4-a4d5-f32d76a6c4db.png,94
Bot 2,56054c4e-a010-4606-a75e-0b7a3b6336c8,0.6,"(22, 9)","(22, 19)","(3, 36)",12,Success,/Users/drcrocs22/Developer/Rutgers Projects/Intro To AI/PROJECT_1_FINAL/final_frames/56054c4e-a010-4606-a75e-0b7a3b6336c8.png,94
Bot 3,228a66cc-30d9-4ccd-bb9e-460a3d812390,0.6,"(22, 9)","(22, 19)","(3, 36)",12,Success,/Users/drcrocs22/Developer/Rutgers Projects/Intro To AI/PROJECT_1_FINAL/final_frames/228a66cc-30d9-4ccd-bb9e-460a3d812390.png,94
Bot 1,30ffcf30-131b-4c8a-a8d1-1bb4efab774d,0.4,"(1, 23)","(2, 34)","(22, 36)",18,Success,/Users/drcrocs22/Developer/Rutgers Projects/Intro To AI/PROJECT_1_FINAL/final_frames/30ffcf30-131b-4c8a-a8d1-1bb4efab774d.png,616
Bot 2,69734f05-72e8-4133-893d-bc49abad4170,0.4,"(1, 23)","(2, 34)","(22, 36)",18,Success,/Users/drcrocs22/Developer/Rutgers Projects/Intro To AI/PROJECT_1_FINAL/final_frames/69734f05-72e8-4133-893d-bc49abad4170.png,616
Bot 3,ac65728e-016c-42f5-99be-051eda1e378b,0.4,"(1, 23)","(2, 34)","(22, 36)",18,Success,/Users/drcrocs22/Developer/Rutgers Projects/Intro To AI/PROJECT_1_FINAL/final_frames/ac65728e-016c-42f5-99be-051eda1e378b.png,616
Bot 1,49e7a8ce-114e-41b1-98cc-bb4c667157a2,0.7,"(1, 23)","(2, 34)","(22, 36)",18,Success,/Users/drcrocs22/Developer/Rutgers Projects/Intro To AI/PROJECT_1_FINAL/final_frames/49e7a8ce-114e-41b1-98cc-bb4c667157a2.png,616
Bot 2,3a532993-4306-49c1-be51-3e3c1d9e3ee4,0.7,"(1, 23)","(2, 34)","(22, 36)",18,Success,/Users/drcrocs22/Developer/Rutgers Projects/Intro To AI/PROJECT_1_FINAL/final_frames/3a532993-4306-49c1-be51-3e3c1d9e3ee4.png,616
Bot 3,03473c2f-3b46-441a-8571-f6952d6d3755,0.7,"(1, 23)","(2, 34)","(22, 36)",18,Success,/Users/drcrocs22/Developer/Rutgers Projects/Intro To AI/PROJECT_1_FINAL/final_frames/03473c2f-3b46-441a-8571-f6952d6d3755.png,616
Bot 1,78ac3f2d-39e8-4ed0-85e0-e6e0ff8f69c1,1.0,"(1, 23)","(2, 34)","(22, 36)",18,Success,/Users/drcrocs22/Developer/Rutgers Projects/Intro To AI/PROJECT_1_FINAL/final_frames/78ac3f2d-39e8-4ed0-85e0-e6e0ff8f69c1.png,616
Bot 2,7d07c0b7-ae93-4e4b-888e-7cf3e26f3d52,1.0,"(1, 23)","(2, 34)","(22, 36)",18,Success,/Users/drcrocs22/Developer/Rutgers Projects/Intro To AI/PROJECT_1_FINAL/final_frames/7d07c0b7-ae93-4e4b-888e-7cf3e26f3d52.png,616
Bot 3,961fcc2a-b1cc-4b44-9cd3-3f93d7d86a73,1.0,"(1, 23)","(2, 34)","(22, 36)",18,Success,/Users/drcrocs22/Developer/Rutgers Projects/Intro To AI/PROJECT_1_FINAL/final_frames/961fcc2a-b1cc-4b44-9cd3-3f93d7d86a73.png,616
Bot 1,26da488e-ab94-443b-9301-4f23d43c906b,0.4,"(19, 9)","(31, 23)","(1, 21)",28,Success,/Users/drcrocs22/Developer/Rutgers Projects/Intro To AI/PROJECT_1_FINAL/final_frames/26da488e-ab94-443b-9301-4f23d43c906b.png,108
Bot 2,359788d2-8503-4c1b-9ccd-cff279bf0c7f,0.4,"(19, 9)","(31, 23)","(1, 21)",28,Success,/Users/drcrocs22/Developer/Rutgers Projects/Intro To AI/PROJECT_1_FINAL/final_frames/359788d2-8503-4c1b-9ccd-cff279bf0c7f.png,108
Bot 3,14e71c05-086f-4224-89ca-d2461b5854f9,0.4,"(19, 9)","(31, 23)","(1, 21)",28,Success,/Users/drcrocs22/Developer/Rutgers Projects/Intro To AI/PROJECT_1_FINAL/final_frames/14e71c05-086f-4224-89ca-d2461b5854f9.png,108
Bot 1,15703fcb-e700-4741-b2f2-321a38505f09,0.4,"(11, 1)","(23, 10)","(35, 13)",25,Success,/Users/drcrocs22/Developer/Rutgers Projects/Intro To AI/PROJECT_1_FINAL/final_frames/15703fcb-e700-4741-b2f2-321a38505f09.png,29
Bot 2,36bcca63-b706-4c96-9691-7876284f239f,0.4,"(11, 1)","(23, 10)","(35, 13)",25,Success,/Users/drcrocs22/Developer/Rutgers Projects/Intro To AI/PROJECT_1_FINAL/final_frames/36bcca63-b706-4c96-9691-7876284f239f.png,29
Bot 3,8b234e4c-5a44-4598-8a0a-8f46d1355557,0.4,"(11, 1)","(23, 10)","(35, 13)",25,Success,/Users/drcrocs22/Developer/Rutgers Projects/Intro To AI/PROJECT_1_FINAL/final_frames/8b234e4c-5a44-4598-8a0a-8f46d1355557.png,29
Bot 1,0d3a27d6-047f-49b7-b4af-643eb0687290,0.6,"(11, 1)","(23, 10)","(35, 13)",19,Bot caught fire,/Users/drcrocs22/Developer/Rutgers Projects/Intro To AI/PROJECT_1_FINAL/final_frames/0d3a27d6-047f-49b7-b4af-643eb0687290.png,29
Bot 2,31384212-2b13-4e31-b807-5cf1bc8abce2,0.6,"(11, 1)","(23, 10)","(35, 13)",17,,/Users/drcrocs22/Developer/Rutgers Projects/Intro To AI/PROJECT_1_FINAL/final_frames/31384212-2b13-4e31-b807-5cf1bc8abce2.png,29
Bot 3,c15dbb60-ebc0-4332-8c2a-3eae9b90cfe6,0.6,"(11, 1)","(23, 10)","(35, 13)",18,Path blocked,/Users/drcrocs22/Developer/Rutgers Projects/Intro To AI/PROJECT_1_FINAL/final_frames/c15dbb60-ebc0-4332-8c2a-3eae9b90cfe6.png,29
Bot 1,45316f70-8ba1-4323-93af-0fded3812927,0.4,"(29, 38)","(17, 24)","(32, 24)",28,Success,/Users/drcrocs22/Developer/Rutgers Projects/Intro To AI/PROJECT_1_FINAL/final_frames/45316f70-8ba1-4323-93af-0fded3812927.png,604
Bot 2,19b91091-b4a1-4a06-b73c-46d4e087f291,0.4,"(29, 38)","(17, 24)","(32, 24)",28,Success,/Users/drcrocs22/Developer/Rutgers Projects/Intro To AI/PROJECT_1_FINAL/final_frames/19b91091-b4a1-4a06-b73c-46d4e087f291.png,604
Bot 3,7ef3dfe4-d862-4e46-84ec-3c8768edd953,0.4,"(29, 38)","(17, 24)","(32, 24)",28,Success,/Users/drcrocs22/Developer/Rutgers Projects/Intro To AI/PROJECT_1_FINAL/final_frames/7ef3dfe4-d862-4e46-84ec-3c8768edd953.png,604
Bot 1,235b791c-290a-4c1a-9c98-62760bc399b1,0.4,"(29, 38)","(17, 24)","(32, 24)",28,Success,/Users/drcrocs22/Developer/Rutgers Projects/Intro To AI/PROJECT_1_FINAL/final_frames/235b791c-290a-4c1a-9c98-62760bc399b1.png,604
Bot 2,1378d388-46c9-4f21-a5b4-4bdd1d935264,0.4,"(29, 38)","(17, 24)","(32, 24)",28,Success,/Users/drcrocs22/Developer/Rutgers Projects/Intro To AI/PROJECT_1_FINAL/final_frames/1378d388-46c9-4f21-a5b4-4bdd1d935264.png,604
Bot 3,712a7834-844b-4a85-9a33-46bb2301b86b,0.4,"(29, 38)","(17, 24)","(32, 24)",28,Success,/Users/drcrocs22/Developer/Rutgers Projects/Intro To AI/PROJECT_1_FINAL/final_frames/712a7834-844b-4a85-9a33-46bb2301b86b.png,604
Bot 1,a15e6904-e2f2-4a1d-9661-950fcda1beed,0.6,"(29, 38)","(17, 24)","(32, 24)",28,Success,/Users/drcrocs22/Developer/Rutgers Projects/Intro To AI/PROJECT_1_FINAL/final_frames/a15e6904-e2f2-4a1d-9661-950fcda1beed.png,604
Bot 2,7e11c256-9c8f-4956-8e06-2c58de6e5dc7,0.6,"(29, 38)","(17, 24)","(32, 24)",28,Success,/Users/drcrocs22/Developer/Rutgers Projects/Intro To AI/PROJECT_1_FINAL/final_frames/7e11c256-9c8f-4956-8e06-2c58de6e5dc7.png,604
Bot 3,766a5186-dc97-43db-acb9-a9c33ec93815,0.6,"(29, 38)","(17, 24)","(32, 24)",28,Success,/Users/drcrocs22/Developer/Rutgers Projects/Intro To AI/PROJECT_1_FINAL/final_frames/766a5186-dc97-43db-acb9-a9c33ec93815.png,604
Bot 1,86dda467-a380-48c4-b0d8-08459e3750c7,0.8,"(29, 38)","(17, 24)","(32, 24)",22,Button caught fire,/Users/drcrocs22/Developer/Rutgers Projects/Intro To AI/PROJECT_1_FINAL/final_frames/86dda467-a380-48c4-b0d8-08459e3750c7.png,604
Bot 2,977facc9-141d-46d4-ac22-a8d0cd0cb6fd,0.8,"(29, 38)","(17, 24)","(32, 24)",22,Button caught fire,/Users/drcrocs22/Developer/Rutgers Projects/Intro To AI/PROJECT_1_FINAL/final_frames/977facc9-141d-46d4-ac22-a8d0cd0cb6fd.png,604
Bot 3,1e608fbc-fdf3-41ca-ba19-afde74b9aead,0.8,"(29, 38)","(17, 24)","(32, 24)",22,Button caught fire,/Users/drcrocs22/Developer/Rutgers Projects/Intro To AI/PROJECT_1_FINAL/final_frames/1e608fbc-fdf3-41ca-ba19-afde74b9aead.png,604
Bot 1,c5d18b96-ce9b-4c7c-a42b-f91b61329e6f,0.75,"(29, 38)","(17, 24)","(32, 24)",23,Button caught fire,/Users/drcrocs22/Developer/Rutgers Projects/Intro To AI/PROJECT_1_FINAL/final_frames/c5d18b96-ce9b-4c7c-a42b-f91b61329e6f.png,604
Bot 2,4ee71b92-5dcf-4ae2-8631-e7fdedc3e9ca,0.75,"(29, 38)","(17, 24)","(32, 24)",23,Button caught fire,/Users/drcrocs22/Developer/Rutgers Projects/Intro To AI/PROJECT_1_FINAL/final_frames/4ee71b92-5dcf-4ae2-8631-e7fdedc3e9ca.png,604
Bot 3,d9346cd6-c1a0-4088-8ef5-9cebf18b12c4,0.75,"(29, 38)","(17, 24)","(32, 24)",23,Button caught fire,/Users/drcrocs22/Developer/Rutgers Projects/Intro To AI/PROJECT_1_FINAL/final_frames/d9346cd6-c1a0-4088-8ef5-9cebf18b12c4.png,604
Bot 1,63d0f678-ee26-42f9-893c-9a77ba360673,0.4,"(4, 12)","(24, 30)","(12, 37)",38,Success,/Users/drcrocs22/Developer/Rutgers Projects/Intro To AI/PROJECT_1_FINAL/final_frames/63d0f678-ee26-42f9-893c-9a77ba360673.png,195
Bot 2,b41c0b48-ddca-4014-9209-d485d57eb5c0,0.4,"(4, 12)","(24, 30)","(12, 37)",38,Success,/Users/drcrocs22/Developer/Rutgers Projects/Intro To AI/PROJECT_1_FINAL/final_frames/b41c0b48-ddca-4014-9209-d485d57eb5c0.png,195
Bot 3,8ac58b62-6949-4ad3-b743-460212fb24eb,0.4,"(4, 12)","(24, 30)","(12, 37)",38,Success,/Users/drcrocs22/Developer/Rutgers Projects/Intro To AI/PROJECT_1_FINAL/final_frames/8ac58b62-6949-4ad3-b743-460212fb24eb.png,195
Bot 1,51bd170d-5633-4d6b-9a29-c4d06f0fab38,0.4,"(4, 12)","(24, 30)","(12, 37)",38,Success,/Users/drcrocs22/Developer/Rutgers Projects/Intro To AI/PROJECT_1_FINAL/final_frames/51bd170d-5633-4d6b-9a29-c4d06f0fab38.png,195
Bot 2,bca2c81b-ff4a-4324-be4b-a6e3a9c334dd,0.4,"(4, 12)","(24, 30)","(12, 37)",38,Success,/Users/drcrocs22/Developer/Rutgers Projects/Intro To AI/PROJECT_1_FINAL/final_frames/bca2c81b-ff4a-4324-be4b-a6e3a9c334dd.png,195
Bot 3,ec2f6e2b-497a-4a2e-aa38-44b2d615fa6e,0.4,"(4, 12)","(24, 30)","(12, 37)",38,Success,/Users/drcrocs22/Developer/Rutgers Projects/Intro To AI/PROJECT_1_FINAL/final_frames/ec2f6e2b-497a-4a2e-aa38-44b2d615fa6e.png,195
Bot 1,357cb402-8f04-4507-9ae7-af71ee63a4bf,0.8,"(4, 12)","(24, 30)","(12, 37)",20,Button caught fire,/Users/drcrocs22/Developer/Rutgers Projects/Intro To AI/PROJECT_1_FINAL/final_frames/357cb402-8f04-4507-9ae7-af71ee63a4bf.png,195
Bot 2,b45f8844-8ce0-4e80-8b35-871e63ce7062,0.8,"(4, 12)","(24, 30)","(12, 37)",20,Button caught fire,/Users/drcrocs22/Developer/Rutgers Projects/Intro To AI/PROJECT_1_FINAL/final_frames/b45f8844-8ce0-4e80-8b35-871e63ce7062.png,195
Bot 3,efbe0d4c-46cd-4ee4-a107-2e95d6677016,0.8,"(4, 12)","(24, 30)","(12, 37)",20,Button caught fire,/Users/drcrocs22/Developer/Rutgers Projects/Intro To AI/PROJECT_1_FINAL/final_frames/efbe0d4c-46cd-4ee4-a107-2e95d6677016.png,195
Bot 1,b031ebd8-6b24-4ec4-94b4-29b5727a8633,0.6,"(4, 12)","(24, 30)","(12, 37)",27,Bot caught fire,/Users/drcrocs22/Developer/Rutgers Projects/Intro To AI/PROJECT_1_FINAL/final_frames/b031ebd8-6b24-4ec4-94b4-29b5727a8633.png,195
Bot 2,eb17c727-9135-4887-b3c9-e4aeb02744ef,0.6,"(4, 12)","(24, 30)","(12, 37)",27,Bot caught fire,/Users/drcrocs22/Developer/Rutgers Projects/Intro To AI/PROJECT_1_FINAL/final_frames/eb17c727-9135-4887-b3c9-e4aeb02744ef.png,195
Bot 3,f1e2f0ed-a8f9-449f-b928-67b04ec8e711,0.6,"(4, 12)","(24, 30)","(12, 37)",31,Path blocked,/Users/drcrocs22/Developer/Rutgers Projects/Intro To AI/PROJECT_1_FINAL/final_frames/f1e2f0ed-a8f9-449f-b928-67b04ec8e711.png,195
Bot 1,b3db592c-a1c3-4557-b190-79eebb3363ba,0.5,"(4, 12)","(24, 30)","(12, 37)",33,Button caught fire,/Users/drcrocs22/Developer/Rutgers Projects/Intro To AI/PROJECT_1_FINAL/final_frames/b3db592c-a1c3-4557-b190-79eebb3363ba.png,195
Bot 2,e54f0ada-96a3-40ac-97e2-fda89792970b,0.5,"(4, 12)","(24, 30)","(12, 37)",33,Button caught fire,/Users/drcrocs22/Developer/Rutgers Projects/Intro To AI/PROJECT_1_FINAL/final_frames/e54f0ada-96a3-40ac-97e2-fda89792970b.png,195
Bot 3,c35c6b2e-cacb-457b-a255-89c3074ccf3e,0.5,"(4, 12)","(24, 30)","(12, 37)",33,Button caught fire,/Users/drcrocs22/Developer/Rutgers Projects/Intro To AI/PROJECT_1_FINAL/final_frames/c35c6b2e-cacb-457b-a255-89c3074ccf3e.png,195
Bot 1,197b3ca6-e50e-465c-ab21-ad2ab14c93eb,0.45,"(4, 12)","(24, 30)","(12, 37)",37,Bot caught fire,/Users/drcrocs22/Developer/Rutgers Projects/Intro To AI/PROJECT_1_FINAL/final_frames/197b3ca6-e50e-465c-ab21-ad2ab14c93eb.png,195
Bot 2,4db88970-21dc-4737-bf1c-f623ce18e989,0.45,"(4, 12)","(24, 30)","(12, 37)",37,Bot caught fire,/Users/drcrocs22/Developer/Rutgers Projects/Intro To AI/PROJECT_1_FINAL/final_frames/4db88970-21dc-4737-bf1c-f623ce18e989.png,195
Bot 3,80bdf0bc-96df-4f27-a7a7-b26c39f77538,0.45,"(4, 12)","(24, 30)","(12, 37)",37,Bot caught fire,/Users/drcrocs22/Developer/Rutgers Projects/Intro To AI/PROJECT_1_FINAL/final_frames/80bdf0bc-96df-4f27-a7a7-b26c39f77538.png,195
Bot 1,38b03ea2-1f0f-4991-bf89-0eae8327b2f4,0.425,"(4, 12)","(24, 30)","(12, 37)",38,Success,/Users/drcrocs22/Developer/Rutgers Projects/Intro To AI/PROJECT_1_FINAL/final_frames/38b03ea2-1f0f-4991-bf89-0eae8327b2f4.png,195
Bot 2,332f3028-358b-4ea2-bce2-41792b1d7768,0.425,"(4, 12)","(24, 30)","(12, 37)",38,Success,/Users/drcrocs22/Developer/Rutgers Projects/Intro To AI/PROJECT_1_FINAL/final_frames/332f3028-358b-4ea2-bce2-41792b1d7768.png,195
Bot 3,149c6323-6be9-460e-aa30-71749f79caba,0.425,"(4, 12)","(24, 30)","(12, 37)",38,Success,/Users/drcrocs22/Developer/Rutgers Projects/Intro To AI/PROJECT_1_FINAL/final_frames/149c6323-6be9-460e-aa30-71749f79caba.png,195
Bot 1,14ef680a-9807-4209-99f7-fc3e7b6cb7bb,0.43,"(4, 12)","(24, 30)","(12, 37)",38,Success,/Users/drcrocs22/Developer/Rutgers Projects/Intro To AI/PROJECT_1_FINAL/final_frames/14ef680a-9807-4209-99f7-fc3e7b6cb7bb.png,195
Bot 2,ce77caaf-15fc-4648-b08d-137377123ad5,0.43,"(4, 12)","(24, 30)","(12, 37)",38,Success,/Users/drcrocs22/Developer/Rutgers Projects/Intro To AI/PROJECT_1_FINAL/final_frames/ce77caaf-15fc-4648-b08d-137377123ad5.png,195
Bot 3,d723c2e5-3510-43d7-92f8-62a8fd525e77,0.43,"(4, 12)","(24, 30)","(12, 37)",38,Success,/Users/drcrocs22/Developer/Rutgers Projects/Intro To AI/PROJECT_1_FINAL/final_frames/d723c2e5-3510-43d7-92f8-62a8fd525e77.png,195
Bot 1,555ef259-8380-45d9-ad8b-6aa760cafbd0,0.445,"(4, 12)","(24, 30)","(12, 37)",38,Success,/Users/drcrocs22/Developer/Rutgers Projects/Intro To AI/PROJECT_1_FINAL/final_frames/555ef259-8380-45d9-ad8b-6aa760cafbd0.png,195
Bot 2,8f3f26b3-f145-4589-baa0-934dbe4040c6,0.445,"(4, 12)","(24, 30)","(12, 37)",38,Success,/Users/drcrocs22/Developer/Rutgers Projects/Intro To AI/PROJECT_1_FINAL/final_frames/8f3f26b3-f145-4589-baa0-934dbe4040c6.png,195
Bot 3,566470b2-0608-4aaf-af80-43719e941652,0.445,"(4, 12)","(24, 30)","(12, 37)",38,Success,/Users/drcrocs22/Developer/Rutgers Projects/Intro To AI/PROJECT_1_FINAL/final_frames/566470b2-0608-4aaf-af80-43719e941652.png,195
Bot 1,5283c43e-b053-405b-9800-01a9d50b7fd3,0.448,"(4, 12)","(24, 30)","(12, 37)",38,Success,/Users/drcrocs22/Developer/Rutgers Projects/Intro To AI/PROJECT_1_FINAL/final_frames/5283c43e-b053-405b-9800-01a9d50b7fd3.png,195
Bot 2,5405e1c2-9979-4460-8e77-a1268aad3cd4,0.448,"(4, 12)","(24, 30)","(12, 37)",38,Success,/Users/drcrocs22/Developer/Rutgers Projects/Intro To AI/PROJECT_1_FINAL/final_frames/5405e1c2-9979-4460-8e77-a1268aad3cd4.png,195
Bot 3,c2b51643-3e19-4c4a-947a-cb8344475258,0.448,"(4, 12)","(24, 30)","(12, 37)",38,Success,/Users/drcrocs22/Developer/Rutgers Projects/Intro To AI/PROJECT_1_FINAL/final_frames/c2b51643-3e19-4c4a-947a-cb8344475258.png,195
Bot 1,4c8b569b-8ce7-4c48-9a75-45d6c415bbb8,0.45,"(4, 12)","(24, 30)","(12, 37)",37,Bot caught fire,/Users/drcrocs22/Developer/Rutgers Projects/Intro To AI/PROJECT_1_FINAL/final_frames/4c8b569b-8ce7-4c48-9a75-45d6c415bbb8.png,195
Bot 2,741c352c-2eb2-4b6a-b551-30759088ba9c,0.45,"(4, 12)","(24, 30)","(12, 37)",37,Bot caught fire,/Users/drcrocs22/Developer/Rutgers Projects/Intro To AI/PROJECT_1_FINAL/final_frames/741c352c-2eb2-4b6a-b551-30759088ba9c.png,195
Bot 3,d05fa4fb-dbba-4352-b56e-51b642d6af44,0.45,"(4, 12)","(24, 30)","(12, 37)",37,Bot caught fire,/Users/drcrocs22/Developer/Rutgers Projects/Intro To AI/PROJECT_1_FINAL/final_frames/d05fa4fb-dbba-4352-b56e-51b642d6af44.png,195
Bot 1,d9465465-13ec-46c9-8033-8b626be1406f,0.449,"(4, 12)","(24, 30)","(12, 37)",38,Success,/Users/drcrocs22/Developer/Rutgers Projects/Intro To AI/PROJECT_1_FINAL/final_frames/d9465465-13ec-46c9-8033-8b626be1406f.png,195
Bot 2,528dbfeb-e2b5-4686-99a2-16e2c71ba4a7,0.449,"(4, 12)","(24, 30)","(12, 37)",38,Success,/Users/drcrocs22/Developer/Rutgers Projects/Intro To AI/PROJECT_1_FINAL/final_frames/528dbfeb-e2b5-4686-99a2-16e2c71ba4a7.png,195
Bot 3,11109a51-71f6-45d0-a316-a61a32cc116d,0.449,"(4, 12)","(24, 30)","(12, 37)",38,Success,/Users/drcrocs22/Developer/Rutgers Projects/Intro To AI/PROJECT_1_FINAL/final_frames/11109a51-71f6-45d0-a316-a61a32cc116d.png,195
Bot 1,e3329d2a-a7e6-4035-a3fb-e9b6ed02694c,0.449,"(6, 11)","(4, 36)","(28, 3)",37,Success,/Users/drcrocs22/Developer/Rutgers Projects/Intro To AI/PROJECT_1_FINAL/final_frames/e3329d2a-a7e6-4035-a3fb-e9b6ed02694c.png,766
Bot 2,4e7b708d-7021-46d7-a6ca-2dc1b545679d,0.449,"(6, 11)","(4, 36)","(28, 3)",37,Success,/Users/drcrocs22/Developer/Rutgers Projects/Intro To AI/PROJECT_1_FINAL/final_frames/4e7b708d-7021-46d7-a6ca-2dc1b545679d.png,766
Bot 3,873394b5-76e1-4a8d-83c2-7c659d0f2101,0.449,"(6, 11)","(4, 36)","(28, 3)",37,Success,/Users/drcrocs22/Developer/Rutgers Projects/Intro To AI/PROJECT_1_FINAL/final_frames/873394b5-76e1-4a8d-83c2-7c659d0f2101.png,766
Bot 1,327be3e3-321e-4604-980d-e080056e115b,0.449,"(29, 27)","(24, 32)","(11, 5)",10,Success,/Users/drcrocs22/Developer/Rutgers Projects/Intro To AI/PROJECT_1_FINAL/final_frames/327be3e3-321e-4604-980d-e080056e115b.png,44
Bot 2,4cff58b2-7ebb-42ca-af95-e771759abc8a,0.449,"(29, 27)","(24, 32)","(11, 5)",10,Success,/Users/drcrocs22/Developer/Rutgers Projects/Intro To AI/PROJECT_1_FINAL/final_frames/4cff58b2-7ebb-42ca-af95-e771759abc8a.png,44
Bot 3,d2fc9537-95c4-4139-9aa9-8ccdabcddd96,0.449,"(29, 27)","(24, 32)","(11, 5)",10,Success,/Users/drcrocs22/Developer/Rutgers Projects/Intro To AI/PROJECT_1_FINAL/final_frames/d2fc9537-95c4-4139-9aa9-8ccdabcddd96.png,44
Bot 1,a13ad91a-f684-44a4-95a8-c61f3a3a531d,0.449,"(38, 16)","(28, 8)","(21, 16)",20,Success,/Users/drcrocs22/Developer/Rutgers Projects/Intro To AI/PROJECT_1_FINAL/final_frames/a13ad91a-f684-44a4-95a8-c61f3a3a531d.png,964
Bot 2,84a17660-5406-4ca8-89b4-0b75be2ddeda,0.449,"(38, 16)","(28, 8)","(21, 16)",20,Success,/Users/drcrocs22/Developer/Rutgers Projects/Intro To AI/PROJECT_1_FINAL/final_frames/84a17660-5406-4ca8-89b4-0b75be2ddeda.png,964
Bot 3,fd86da0d-0679-45e0-ab73-c0f07010e4ab,0.449,"(38, 16)","(28, 8)","(21, 16)",20,Success,/Users/drcrocs22/Developer/Rutgers Projects/Intro To AI/PROJECT_1_FINAL/final_frames/fd86da0d-0679-45e0-ab73-c0f07010e4ab.png,964
Bot 1,2756108d-feee-4a0d-bf99-3fd4d8bfa873,0.449,"(38, 16)","(28, 8)","(21, 16)",20,Success,/Users/drcrocs22/Developer/Rutgers Projects/Intro To AI/PROJECT_1_FINAL/final_frames/2756108d-feee-4a0d-bf99-3fd4d8bfa873.png,964
Bot 2,a5b1ea0d-84f9-48c5-ba3a-d654a9075c64,0.449,"(38, 16)","(28, 8)","(21, 16)",20,Success,/Users/drcrocs22/Developer/Rutgers Projects/Intro To AI/PROJECT_1_FINAL/final_frames/a5b1ea0d-84f9-48c5-ba3a-d654a9075c64.png,964
Bot 3,e6f4ad74-1c16-457d-9880-8b25ee824969,0.449,"(38, 16)","(28, 8)","(21, 16)",20,Success,/Users/drcrocs22/Developer/Rutgers Projects/Intro To AI/PROJECT_1_FINAL/final_frames/e6f4ad74-1c16-457d-9880-8b25ee824969.png,964
Bot 1,bd798b17-1c83-4e64-9fcf-d61f2b4bd024,0.45,"(38, 16)","(28, 8)","(21, 16)",20,Success,/Users/drcrocs22/Developer/Rutgers Projects/Intro To AI/PROJECT_1_FINAL/final_frames/bd798b17-1c83-4e64-9fcf-d61f2b4bd024.png,964
Bot 2,af7a09b3-30c4-4f72-855e-f9128671c204,0.45,"(38, 16)","(28, 8)","(21, 16)",20,Success,/Users/drcrocs22/Developer/Rutgers Projects/Intro To AI/PROJECT_1_FINAL/final_frames/af7a09b3-30c4-4f72-855e-f9128671c204.png,964
Bot 3,3681f2a1-5f25-48bf-ad9f-95e6e31a62ff,0.45,"(38, 16)","(28, 8)","(21, 16)",20,Success,/Users/drcrocs22/Developer/Rutgers Projects/Intro To AI/PROJECT_1_FINAL/final_frames/3681f2a1-5f25-48bf-ad9f-95e6e31a62ff.png,964
Bot 1,38227955-36e5-4df9-a156-abd0636ed3ad,0.6,"(38, 16)","(28, 8)","(21, 16)",18,Button caught fire,/Users/drcrocs22/Developer/Rutgers Projects/Intro To AI/PROJECT_1_FINAL/final_frames/38227955-36e5-4df9-a156-abd0636ed3ad.png,964
Bot 2,e7328638-4e3f-45dd-a5d5-5e90cc42665f,0.6,"(38, 16)","(28, 8)","(21, 16)",18,Button caught fire,/Users/drcrocs22/Developer/Rutgers Projects/Intro To AI/PROJECT_1_FINAL/final_frames/e7328638-4e3f-45dd-a5d5-5e90cc42665f.png,964
Bot 3,4ef474a6-4ecb-418b-bb15-70823ee7680d,0.6,"(38, 16)","(28, 8)","(21, 16)",18,Button caught fire,/Users/drcrocs22/Developer/Rutgers Projects/Intro To AI/PROJECT_1_FINAL/final_frames/4ef474a6-4ecb-418b-bb15-70823ee7680d.png,964
Bot 1,32a272a3-f85c-485e-b072-561fc728400a,0.55,"(38, 16)","(28, 8)","(21, 16)",20,Success,/Users/drcrocs22/Developer/Rutgers Projects/Intro To AI/PROJECT_1_FINAL/final_frames/32a272a3-f85c-485e-b072-561fc728400a.png,964
Bot 2,ab41bb47-a144-42aa-b2fd-92c64b333f8a,0.55,"(38, 16)","(28, 8)","(21, 16)",20,Success,/Users/drcrocs22/Developer/Rutgers Projects/Intro To AI/PROJECT_1_FINAL/final_frames/ab41bb47-a144-42aa-b2fd-92c64b333f8a.png,964
Bot 3,0ca661d9-ef88-4bc4-84f6-a1a73c4405f6,0.55,"(38, 16)","(28, 8)","(21, 16)",20,Success,/Users/drcrocs22/Developer/Rutgers Projects/Intro To AI/PROJECT_1_FINAL/final_frames/0ca661d9-ef88-4bc4-84f6-a1a73c4405f6.png,964
